-- =============================================
-- 测试数据
-- Database: score_system
-- =============================================

USE score_system;

-- 学生测试数据
INSERT INTO student (student_id, student_name, class_name, gender, email, phone, enrolment_year) VALUES
('S2024001', '张三', '计算机科学1班', '男', 'zhangsan@example.com', '13800001001', 2024),
('S2024002', '李四', '计算机科学1班', '女', 'lisi@example.com', '13800001002', 2024),
('S2024003', '王五', '计算机科学2班', '男', 'wangwu@example.com', '13800001003', 2024),
('S2024004', '赵六', '计算机科学2班', '女', 'zhaoliu@example.com', '13800001004', 2024),
('S2024005', '孙七', '软件工程1班', '男', 'sunqi@example.com', '13800001005', 2024),
('S2024006', '周八', '软件工程1班', '女', 'zhouba@example.com', '13800001006', 2024);

-- 考勤测试数据
INSERT INTO attendance (student_id, student_name, year, month, attendance_days, absence_days, raw_score, weighted_score) VALUES
('S2024001', '张三', 2026, 3, 22, 0, 100.00, 20.00),
('S2024001', '张三', 2026, 4, 21, 1, 95.00, 19.00),
('S2024002', '李四', 2026, 3, 20, 2, 90.00, 18.00),
('S2024002', '李四', 2026, 4, 22, 0, 100.00, 20.00),
('S2024003', '王五', 2026, 3, 18, 4, 80.00, 16.00),
('S2024003', '王五', 2026, 4, 19, 3, 85.00, 17.00),
('S2024004', '赵六', 2026, 3, 22, 0, 100.00, 20.00),
('S2024004', '赵六', 2026, 4, 21, 1, 95.00, 19.00),
('S2024005', '孙七', 2026, 3, 20, 2, 90.00, 18.00),
('S2024005', '孙七', 2026, 4, 22, 0, 100.00, 20.00),
('S2024006', '周八', 2026, 3, 22, 0, 100.00, 20.00),
('S2024006', '周八', 2026, 4, 22, 0, 100.00, 20.00);

-- 周报测试数据
INSERT INTO weekly_report (student_id, student_name, year, week_number, raw_score, weighted_score, evaluator, evaluation_time) VALUES
('S2024001', '张三', 2026, 12, 90.00, 27.00, '王老师', '2026-03-25 10:00:00'),
('S2024001', '张三', 2026, 16, 95.00, 28.50, '王老师', '2026-04-22 10:00:00'),
('S2024002', '李四', 2026, 12, 85.00, 25.50, '王老师', '2026-03-25 10:00:00'),
('S2024002', '李四', 2026, 16, 90.00, 27.00, '王老师', '2026-04-22 10:00:00'),
('S2024003', '王五', 2026, 12, 75.00, 22.50, '王老师', '2026-03-25 10:00:00'),
('S2024003', '王五', 2026, 16, 80.00, 24.00, '王老师', '2026-04-22 10:00:00'),
('S2024004', '赵六', 2026, 12, 95.00, 28.50, '王老师', '2026-03-25 10:00:00'),
('S2024004', '赵六', 2026, 16, 92.00, 27.60, '王老师', '2026-04-22 10:00:00'),
('S2024005', '孙七', 2026, 12, 88.00, 26.40, '王老师', '2026-03-25 10:00:00'),
('S2024005', '孙七', 2026, 16, 85.00, 25.50, '王老师', '2026-04-22 10:00:00'),
('S2024006', '周八', 2026, 12, 92.00, 27.60, '王老师', '2026-03-25 10:00:00'),
('S2024006', '周八', 2026, 16, 96.00, 28.80, '王老师', '2026-04-22 10:00:00');

-- 作业测试数据
INSERT INTO homework (student_id, student_name, homework_id, homework_name, raw_score, weighted_score, evaluator, evaluation_time) VALUES
('S2024001', '张三', 'HW-2026-001', 'Java基础编程作业', 92.00, 46.00, '李老师', '2026-03-20 14:00:00'),
('S2024001', '张三', 'HW-2026-002', '数据库设计作业', 88.00, 44.00, '李老师', '2026-04-15 14:00:00'),
('S2024002', '李四', 'HW-2026-003', 'Java基础编程作业', 85.00, 42.50, '李老师', '2026-03-20 14:00:00'),
('S2024002', '李四', 'HW-2026-004', '数据库设计作业', 90.00, 45.00, '李老师', '2026-04-15 14:00:00'),
('S2024003', '王五', 'HW-2026-005', 'Java基础编程作业', 70.00, 35.00, '李老师', '2026-03-20 14:00:00'),
('S2024003', '王五', 'HW-2026-006', '数据库设计作业', 75.00, 37.50, '李老师', '2026-04-15 14:00:00'),
('S2024004', '赵六', 'HW-2026-007', 'Java基础编程作业', 95.00, 47.50, '李老师', '2026-03-20 14:00:00'),
('S2024004', '赵六', 'HW-2026-008', '数据库设计作业', 93.00, 46.50, '李老师', '2026-04-15 14:00:00'),
('S2024005', '孙七', 'HW-2026-009', 'Java基础编程作业', 82.00, 41.00, '李老师', '2026-03-20 14:00:00'),
('S2024005', '孙七', 'HW-2026-010', '数据库设计作业', 86.00, 43.00, '李老师', '2026-04-15 14:00:00'),
('S2024006', '周八', 'HW-2026-011', 'Java基础编程作业', 90.00, 45.00, '李老师', '2026-03-20 14:00:00'),
('S2024006', '周八', 'HW-2026-012', '数据库设计作业', 94.00, 47.00, '李老师', '2026-04-15 14:00:00');
